id,exit_code
599,0
797,1
852,1
887,0
1266,0
1353,0
1748,0
1754,1
1894,0
1984,0
2051,1
2180,1
2334,Not parsed
2672,1
2734,1
2735,1
2854,0
2855,0
2879,1
2892,0
2893,1
2900,255
2926,1
2928,1
2942,0
2952,1
2961,0
2978,1
3013,1
3034,Not parsed
3101,Not parsed
3112,1
3119,0
3182,Not parsed
3190,0
3193,0
3229,Not parsed
3254,Not parsed
3304,0
3362,1
3453,1
3602,255
3606,0
3715,Not parsed
3819,0
3926,1
3939,255
3940,255
4058,1
4403,1
4600,255
4648,1
4683,Not parsed
4717,1
4742,1
5184,0
5235,0
5261,Not parsed
5316,0
5343,1
5344,1
5349,0
5438,1
5455,0
5472,Not parsed
5851,Not parsed
5968,1
6029,Not parsed
6101,0
6240,1
6253,0
6717,1
6719,0
6738,1
6741,0
6742,1
6753,1
7297,0
7307,Not parsed
7362,1
7387,0
7555,1
7571,0
7694,0
7737,0
7756,0
7785,1
7934,0
7943,1
7990,1
8024,1
8125,1
8225,0
8232,0
8300,0
8320,1
8325,1
8344,1
8345,1
8430,1
8500,1
8507,1
8526,1
8584,1
8606,1
8722,1
8777,Not parsed
8960,0
8982,Not parsed
9006,0
9067,1
9084,Not parsed
9114,0
9131,0
9169,Not parsed
9240,1
9241,1
9242,1
9264,1
9364,0
9376,0
9381,0
9382,0
9401,0
9427,0
9429,1
9514,0
9528,0
9539,0
9561,0
9594,Not parsed
9622,Not parsed
9626,0
9642,1
9664,1
9668,Not parsed
9670,Not parsed
9671,0
9672,0
9686,0
9695,0
9734,0
9811,0
9814,0
9815,0
9817,0
9852,Not parsed
9871,0
9969,Not parsed
9987,1
9999,Not parsed
10005,1
10062,1
10073,1
10100,0
10104,Not parsed
10160,1
10171,0
10182,1
10221,Not parsed
10223,Not parsed
10242,0
10243,0
10257,1
10303,1
10333,0
10334,0
10349,Not parsed
10469,0
10842,0
11053,Not parsed
11095,0
11117,1
11197,0
11234,0
11260,Not parsed
11273,1
11288,2
11338,0
11343,1
11391,1
11467,1
11469,1
11470,1
11472,1
11546,Not parsed
11574,1
11597,1
11644,255
11652,0
11669,Not parsed
11670,0
11706,0
11714,0
11734,1
11736,1
11769,1
11770,1
11809,1
11810,1
11827,1
11839,0
11842,1
11878,Not parsed
11955,Not parsed
11966,Not parsed
11984,0
12027,0
12104,Not parsed
12131,1
12217,1
12228,0
12229,0
12240,0
12243,1
12258,1
12273,1
12274,Not parsed
12314,0
12324,1
12482,0
12524,1
12529,0
12588,Not parsed
12603,1
12604,1
28051,0
12698,Not parsed
12740,0
12741,1
12774,1
12775,0
12816,0
12853,1
18615,1
13836,1
13870,0
13871,0
13876,Not parsed
13906,Not parsed
13934,0
13965,1
14099,Not parsed
14102,0
14185,0
14290,0
15307,0
14380,1
14408,1
14477,Not parsed
14555,0
14587,0
14584,1
14594,1
14597,0
14601,0
14607,0
14609,1
14613,1
14620,0
14621,0
14624,0
14625,0
14646,1
14671,1
14683,Not parsed
14698,0
14699,Not parsed
14711,1
14713,1
14840,0
14869,0
14892,0
14909,0
14916,1
14928,1
14937,0
14949,1
14971,255
14987,1
14992,0
15008,1
15017,0
15027,0
15032,Not parsed
15035,0
15076,1
15112,0
15086,0
15096,1
15103,1
15104,0
15158,255
15188,1
15214,0
15250,0
15263,0
15264,1
15257,0
15258,0
15267,0
15302,0
15334,1
15378,Not parsed
15380,Not parsed
15495,Not parsed
15493,Not parsed
15613,1
15628,Not parsed
15632,0
15635,0
15669,0
15803,Not parsed
15750,0
15767,1
15786,0
15787,0
15788,0
15821,0
15845,0
15851,0
15860,1
15897,0
15898,2
15905,1
15946,0
15986,0
15988,0
16035,1
16038,1
16040,1
16120,1
16121,1
16166,1
16150,1
16180,Not parsed
16203,Not parsed
16230,0
16237,0
16260,Not parsed
16986,0
17020,1
17021,0
17033,0
17045,0
17070,1
17071,0
17072,0
17074,0
17075,0
17142,0
17143,0
17227,0
17291,0
17305,1
17351,1
18716,Not parsed
17421,0
17471,0
17501,Not parsed
17569,0
17580,1
17601,0
17610,1
17618,1
17638,0
17642,Not parsed
17658,Not parsed
17664,0
17676,1
17742,0
17795,1
17815,1
17831,Not parsed
17856,1
17981,Not parsed
18017,1
18043,0
40298,Not parsed
18028,1
18107,0
18120,0
18124,0
18159,1
18188,Not parsed
18200,Not parsed
18196,1
18220,1
18268,Not parsed
18269,Not parsed
18270,1
18271,Not parsed
18272,1
18285,0
18305,2
18318,1
18339,0
18399,0
18698,0
18453,Not parsed
18454,Not parsed
18457,1
18481,1
18493,1
18507,0
18524,0
18541,Not parsed
18579,Not parsed
18587,Not parsed
18628,0
18629,0
18637,Not parsed
18643,1
18654,Not parsed
18665,0
18799,1
18795,Not parsed
18816,1
18817,0
18851,0
18853,Not parsed
18962,0
19000,0
19098,Not parsed
19391,0
19392,1
19388,Not parsed
19265,0
19410,Not parsed
19393,0
29039,Not parsed
19563,Not parsed
19577,Not parsed
19772,Not parsed
19987,1
20016,Not parsed
20017,Not parsed
20464,Not parsed
20705,Not parsed
21508,0
21830,Not parsed
33403,Not parsed
21991,1
22006,Not parsed
22062,Not parsed
22417,Not parsed
22650,Not parsed
22653,Not parsed
22739,Not parsed
22904,1
22938,0
23003,0
23279,Not parsed
23280,Not parsed
23664,Not parsed
23780,0
23830,0
23923,0
24002,Not parsed
24023,0
24110,0
24111,0
24360,Not parsed
24437,0
24511,Not parsed
24474,1
24487,Not parsed
24556,0
24770,Not parsed
24812,0
24788,0
24917,0
24918,1
24952,1
25259,Not parsed
25281,Not parsed
25295,Not parsed
25363,0
25418,1
25472,1
25499,1
25809,0
25852,Not parsed
25911,Not parsed
25972,1
25974,Not parsed
26010,1
26076,1
26130,1
26133,1
26137,Not parsed
26138,Not parsed
26214,0
26413,1
26519,0
26526,0
26578,Not parsed
26733,0
26802,Not parsed
26891,0
26892,0
26951,0
27043,1
27131,Not parsed
27144,Not parsed
27171,Not parsed
27292,1
27553,1
27700,Not parsed
27730,Not parsed
27775,0
28079,0
28080,0
28237,0
28271,1
40639,Not parsed
28650,Not parsed
28852,1
28855,Not parsed
29297,Not parsed
29443,Not parsed
29455,Not parsed
29503,Not parsed
30046,Not parsed
29613,Not parsed
29787,Not parsed
29800,Not parsed
29813,Not parsed
29875,Not parsed
29919,Not parsed
29920,Not parsed
29934,0
30091,Not parsed
30224,Not parsed
30252,Not parsed
30308,1
30413,0
30414,0
30422,0
30462,Not parsed
32705,0
30584,Not parsed
30592,Not parsed
30688,2
31014,Not parsed
31105,Not parsed
31307,Not parsed
31220,1
31222,0
31429,1
31522,0
31607,Not parsed
31635,Not parsed
40825,1
31713,Not parsed
31762,1
31763,1
31791,1
40849,0
31872,Not parsed
31915,1
32054,Not parsed
32056,Not parsed
32256,Not parsed
32332,Not parsed
32477,0
32478,0
32481,0
32482,0
32483,0
32513,0
32514,0
32522,0
32534,Not parsed
32657,Not parsed
32675,Not parsed
32688,Not parsed
32707,Not parsed
32772,Not parsed
32865,1
32881,Not parsed
32899,0
32902,Not parsed
32951,Not parsed
32956,Not parsed
33020,Not parsed
33271,Not parsed
33306,Not parsed
33332,Not parsed
33335,Not parsed
33384,0
33472,Not parsed
33483,Not parsed
33495,1
33506,Not parsed
33527,Not parsed
33531,Not parsed
33640,Not parsed
33713,1
33838,Not parsed
33719,Not parsed
33737,255
33775,Not parsed
34102,Not parsed
33924,Not parsed
33926,Not parsed
34051,Not parsed
34090,0
34135,1
34162,0
34233,Not parsed
34528,Not parsed
34281,Not parsed
34428,Not parsed
34460,Not parsed
34463,1
34480,Not parsed
34502,Not parsed
35592,0
34530,Not parsed
34540,0
34603,Not parsed
34729,1
34752,Not parsed
34767,0
34872,Not parsed
34980,Not parsed
35000,Not parsed
35158,Not parsed
35178,0
35179,0
35202,0
35244,Not parsed
35359,Not parsed
35530,0
35531,0
35532,Not parsed
35552,Not parsed
35589,1
35613,Not parsed
35637,Not parsed
35654,Not parsed
35827,0
35828,1
35859,0
35889,0
35913,Not parsed
35935,0
35951,Not parsed
36022,0
36071,Not parsed
36271,Not parsed
36300,Not parsed
36309,0
36361,Not parsed
36388,0
36783,Not parsed
36422,Not parsed
40453,1
36741,1
36776,1
36840,0
36841,0
36847,0
36972,Not parsed
37014,0
37068,0
37149,1
37187,0
37249,1
37299,0
37300,0
37267,0
37268,0
37286,1
37291,1
37326,0
37327,0
37343,1
37538,Not parsed
37593,0
37607,0
37608,0
37612,0
37660,Not parsed
37663,0
37711,1
37718,Not parsed
37719,0
37723,1
37727,0
37728,1
37747,Not parsed
37739,1
37759,1
37766,Not parsed
37775,0
37776,0
38001,1
37798,0
37893,Not parsed
37908,1
37954,1
37976,1
38014,1
38052,1
38055,Not parsed
38072,1
38132,Not parsed
38205,Not parsed
38208,Not parsed
38240,1
38259,0
38336,0
48262,Not parsed
38399,0
38404,Not parsed
38405,0
38444,0
38485,1
38498,Not parsed
38538,Not parsed
38564,0
38566,0
38615,Not parsed
38616,Not parsed
38626,Not parsed
38650,0
38659,Not parsed
38681,1
38685,1
38687,0
38705,0
38710,1
38711,1
38747,Not parsed
38758,0
38759,0
38760,0
38761,Not parsed
38771,Not parsed
38779,0
38978,1
38979,1
38980,1
39067,1
39226,0
39177,Not parsed
39181,Not parsed
39182,Not parsed
39183,Not parsed
39216,0
39242,0
39274,1
39305,0
39329,Not parsed
39403,0
39406,1
39447,0
39470,1
39475,Not parsed
39487,0
39502,1
39516,0
39517,1
39550,1
39557,1
39627,1
39657,1
39733,0
39747,0
39775,0
39776,0
39782,1
39789,1
39796,1
39797,1
39802,1
39867,1
39873,1
39875,1
39947,1
39986,0
40038,Not parsed
40073,1
40155,2
40192,0
40208,1
40439,Not parsed
40524,1
40536,1
43596,0
50311,Not parsed
43776,1
45335,0
43854,0
43856,0
40570,0
40592,1
40593,1
40618,0
40632,1
40647,1
40635,0
40638,0
40695,1
40696,1
40697,1
40779,1
40806,255
40814,Not parsed
40828,Not parsed
40840,255
40866,1
40883,1
40885,1
40886,1
40888,0
40899,Not parsed
40905,0
40909,1
40925,0
40926,0
40927,0
40928,0
40929,0
40944,Not parsed
40964,1
40965,0
41030,1
41145,0
41160,2
41222,1
41426,Not parsed
41474,1
41475,1
41537,1
41547,1
41565,1
41596,1
43352,0
43391,Not parsed
43401,0
43403,1
43406,1
43410,0
43432,1
43451,1
43452,1
43453,1
43454,1
41629,0
41637,0
41639,Not parsed
43930,0
43968,0
43986,Not parsed
43992,Not parsed
44035,1
44103,1
41667,0
41916,0
41755,1
41823,1
41911,0
41949,Not parsed
41954,0
41991,1
41993,1
42001,0
42002,0
42040,0
42073,0
42112,0
42144,1
42260,0
42294,1
42411,1
42451,0
42483,1
42486,1
42495,1
42518,Not parsed
42917,Not parsed
42920,Not parsed
42941,1
42942,1
42943,1
42944,1
42945,0
42946,0
42962,1
44273,1
43107,255
43026,1
43060,0
43111,1
43115,0
43116,1
43119,1
43124,0
43135,0
43161,1
43164,Not parsed
43189,1
43208,0
43344,Not parsed
44154,0
44181,1
44182,1
44183,1
44184,1
44189,1
44190,1
44221,Not parsed
44251,Not parsed
44254,1
44265,1
44271,Not parsed
44316,1
44326,1
44327,1
44332,1
44333,0
44336,Not parsed
44338,0
44372,0
44375,Not parsed
44451,Not parsed
44456,0
44468,0
44494,0
44500,0
44514,2
44521,Not parsed
44525,0
44558,0
44593,0
44605,0
44629,Not parsed
44693,Not parsed
46068,0
46069,0
44717,0
44721,Not parsed
44802,1
44894,1
44958,1
44965,Not parsed
44972,Not parsed
45087,1
45091,0
45092,0
45095,0
45102,0
45110,0
45112,0
45137,0
45162,0
45174,Not parsed
45182,0
45186,0
45187,1
45191,1
45194,0
45204,0
45207,0
45211,0
45219,1
45222,0
45223,0
45226,0
45229,0
45238,0
45239,Not parsed
45241,0
45245,0
45246,0
45250,0
45251,0
45261,0
45275,0
45277,Not parsed
45281,0
45282,0
45285,0
45294,0
45295,0
45297,0
45298,0
45299,0
45300,0
45301,0
45302,0
45304,0
45311,0
45315,0
45316,0
45318,0
45320,1
45321,0
45324,0
45356,Not parsed
45380,0
45376,0
45381,0
45382,0
45383,0
45388,0
45389,0
45390,0
45391,0
45397,0
45398,0
45404,Not parsed
45410,0
45413,0
45414,0
45419,0
45420,Not parsed
45421,0
45424,1
45457,0
45453,1
45455,1
45493,0
45494,0
45504,0
45527,1
45576,1
45641,1
45679,1
45670,0
45705,0
45708,0
45711,1
45732,0
45749,0
45759,0
45760,0
45761,0
45762,0
45769,0
45770,0
45772,0
45776,1
45781,0
45792,1
45797,0
45800,0
45806,0
45814,0
45819,1
45823,0
45850,1
45859,0
45869,0
45884,0
45885,0
45887,0
45956,0
45966,0
45968,0
45993,0
45996,0
46002,0
46003,0
46004,0
46030,0
46038,0
46048,0
46057,0
46062,0
46063,0
46064,0
46087,0
46088,0
46089,0
46124,0
46125,0
46126,0
46127,0
46128,0
46129,0
46130,0
46170,0
46175,1
46176,1
46177,1
46178,1
46194,0
46195,0
46196,0
46197,0
46198,0
46199,0
46216,0
46236,0
46272,Not parsed
46278,2
46284,0
46286,0
46287,0
46289,0
46291,0
46292,0
46293,0
46294,0
46295,0
46304,0
46309,0
46312,0
46313,0
46314,0
46321,0
46322,Not parsed
46338,0
46343,0
46358,0
46439,0
46367,0
46371,0
46378,0
46380,0
46381,0
46382,0
46383,0
46385,Not parsed
46390,0
46391,0
46403,0
46417,0
46421,0
46422,0
46430,0
46442,0
46443,0
46458,Not parsed
46464,1
46470,0
46532,0
46553,0
46554,0
46621,Not parsed
46656,0
46702,0
46703,0
46708,0
46709,0
46711,0
46721,0
46732,0
46733,0
46749,0
46750,0
46754,0
46757,0
46758,0
46778,0
46806,0
46810,0
46816,0
46817,0
46819,0
46818,0
46821,0
46822,0
46823,0
46824,0
46830,0
46831,0
46860,0
46861,0
46862,0
46842,0
46843,0
46844,0
46845,0
46848,0
46855,0
46856,0
46857,0
46858,0
46859,1
46865,0
46871,0
46872,0
46873,0
46874,0
46875,0
46876,0
46883,0
46884,0
46893,0
46901,0
46902,0
46908,0
46909,0
46911,0
46923,0
46924,0
46925,0
46926,0
46927,0
46929,0
46930,0
46937,1
46946,0
46995,Not parsed
46997,0
47026,0
47131,0
47148,1
47233,1
47248,1
47282,1
47285,0
47309,Not parsed
47318,Not parsed
47319,1
47322,1
47328,1
47383,0
47406,Not parsed
47410,0
47445,0
47478,0
47494,Not parsed
47495,0
47563,Not parsed
47586,1
47665,0
47671,0
47674,0
47678,0
47679,Not parsed
47709,0
47711,0
47716,0
47717,0
47718,Not parsed
47719,0
47721,0
47723,0
47727,0
47728,0
47732,0
47757,0
47766,0
47767,0
47786,Not parsed
47794,0
47795,Not parsed
47800,1
47801,0
47839,Not parsed
47848,0
47849,0
47853,0
47855,0
47856,0
47857,0
47859,0
47860,0
47861,0
47862,Not parsed
47863,0
47864,0
47865,0
47866,0
47867,1
47868,0
47869,0
47870,0
47872,0
47873,Not parsed
47894,Not parsed
47904,0
47906,0
47907,Not parsed
47909,0
47911,0
47912,Not parsed
47937,0
47942,0
47947,Not parsed
47955,0
47993,0
48005,0
48006,0
48010,0
48011,0
48013,0
48014,0
48015,0
48034,1
48100,Not parsed
48111,1
48121,1
48132,0
48133,0
48136,Not parsed
48137,0
48236,Not parsed
48255,0
48259,0
48269,0
48276,0
48284,0
48285,0
48286,0
48287,0
48288,0
48290,0
48291,0
48301,0
48302,0
48304,2
48305,0
48402,1
48434,1
48493,0
48501,Not parsed
48502,Not parsed
48503,Not parsed
48521,1
43200,1
44481,1
38079,1
43197,0
48617,0
48637,0
49589,Not parsed
49590,Not parsed
48697,0
48728,0
48729,0
48731,255
48732,0
49105,0
49119,1
49206,0
49207,0
49283,2
49337,Not parsed
49566,0
49567,0
49568,0
49638,Not parsed
49697,0
49730,1
49773,0
49789,1
49807,1
49844,0
49883,0
49898,0
49906,0
49917,Not parsed
49952,Not parsed
49953,Not parsed
49954,Not parsed
49957,Not parsed
49964,0
49965,0
49978,Not parsed
49979,Not parsed
50001,Not parsed
50002,Not parsed
50003,Not parsed
50153,Not parsed
50247,0
50266,Not parsed
50322,1
50433,0
50434,0
50510,0
50511,0
50516,0
50535,1
50536,0
50613,1
929,0
951,0
1297,0
1591,0
40336,1
1985,0
1992,0
2015,0
40380,1
4002,1
4354,1
4431,0
4531,0
4583,0
4612,1
4892,0
4938,0
5462,0
5498,0
5667,0
6030,0
6032,0
7329,Not parsed
7492,0
7547,Not parsed
7582,0
7608,0
7651,0
7662,0
7707,1
7715,0
7745,0
7765,0
7839,0
7975,1
8126,Not parsed
8137,0
8162,0
8171,0
8174,0
8176,0
8177,1
8189,Not parsed
8193,0
8233,0
8234,Not parsed
8235,Not parsed
8236,0
8251,0
8267,0
8299,0
8311,0
8312,0
8420,0
8427,0
8470,0
8520,0
8527,0
8536,0
8580,0
8582,0
8583,0
8589,0
8590,0
8591,Not parsed
8656,0
8662,0
8701,0
8770,0
8789,0
9038,0
9104,Not parsed
9148,0
9229,0
40297,0
9272,0
9302,0
9375,0
9476,0
9501,0
9536,0
9540,0
9550,Not parsed
9551,0
9560,Not parsed
9568,0
9579,Not parsed
9610,0
9618,Not parsed
9624,Not parsed
9687,1
9844,1
9865,0
9866,0
9884,0
9984,0
9990,0
10010,Not parsed
10226,0
10240,0
10280,0
10319,0
10320,0
10321,0
10322,0
10323,0
10345,0
10359,0
10563,0
10618,0
10620,0
10664,0
10747,0
10786,0
10787,0
10797,0
11046,0
11146,0
11152,0
11154,0
11267,0
11314,0
11331,Not parsed
11384,1
11400,0
11465,1
11475,1
11581,1
11656,0
11682,0
11787,1
11797,0
11828,0
11834,0
11872,0
11911,0
11953,0
11957,0
11958,Not parsed
11981,0
12053,0
12130,1
12293,0
12326,Not parsed
12403,0
12404,0
12406,1
12516,0
12821,0
15499,0
13756,0
13760,0
13768,0
13895,1
13905,0
13907,0
13909,Not parsed
14029,1
14046,0
14068,0
14098,0
14258,Not parsed
14361,0
14428,0
14431,0
14482,0
14497,0
14532,0
14550,0
14581,0
14591,0
14612,0
14630,0
14633,0
14651,0
14663,0
14664,0
14673,0
14681,0
14693,0
14706,0
14727,1
14830,0
14944,255
14966,255
14959,0
14961,1
14982,0
15022,0
15026,0
15031,0
15033,1
15069,0
15094,255
15156,0
15599,0
15287,Not parsed
15312,0
15403,0
15489,0
15532,0
15542,0
15575,0
15626,0
15630,0
15663,0
15692,0
15727,0
15729,Not parsed
15747,0
15785,0
15855,0
15895,1
15901,0
15934,0
15936,0
15941,0
15975,0
16070,0
16072,0
16085,0
16092,0
16107,0
16141,Not parsed
16153,0
16169,0
16173,Not parsed
16253,0
16971,1
17012,0
17064,0
17157,0
17166,0
17185,1
17217,0
17294,0
17302,Not parsed
17364,0
17383,0
17441,0
17449,0
17563,0
17654,0
17732,0
17780,1
17788,0
17821,0
17847,1
17854,1
17877,1
17939,0
18096,0
18174,1
18176,Not parsed
18334,1
18500,0
18681,Not parsed
18693,0
18726,1
18733,1
18749,0
18826,0
18914,1
19006,0
19139,1
19293,1
20053,1
20116,0
20262,1
20915,0
21331,0
40348,1
40440,0
21624,Not parsed
21713,0
22069,Not parsed
22652,0
22851,0
22931,1
22932,1
23996,1
24505,0
24910,Not parsed
24919,0
25130,0
25131,0
25204,0
25411,0
25607,0
40392,Not parsed
26242,0
26245,0
26367,0
26402,0
26403,0
26404,0
26409,0
26411,0
26448,0
26520,0
26525,0
26703,0
27057,Not parsed
27191,1
27316,0
27874,1
27965,0
28955,0
28969,0
34371,0
29234,0
29327,0
30014,Not parsed
29594,Not parsed
30783,0
29922,0
30244,1
30336,1
40350,1
40349,1
31972,0
32050,0
32152,0
32370,Not parsed
46639,0
32585,1
40342,1
34112,Not parsed
34131,Not parsed
40917,1
34272,Not parsed
34331,0
34489,1
34512,Not parsed
35019,1
35074,0
35177,0
35216,0
35234,0
35450,Not parsed
35732,1
35812,0
35813,0
35936,Not parsed
36053,0
36104,1
36207,0
36229,0
36465,1
36501,1
36502,1
36533,1
36692,1
36827,1
36855,0
36887,Not parsed
36920,0
36928,Not parsed
36980,0
36981,0
36982,Not parsed
37056,0
37064,Not parsed
37197,1
37344,1
37699,0
37730,0
37771,0
37799,0
37890,1
37898,Not parsed
37975,Not parsed
37987,1
37988,1
38218,0
38219,0
38220,0
38243,1
38244,0
38319,1
38349,0
38362,1
38371,1
38381,1
38382,1
38423,Not parsed
38456,0
38467,Not parsed
38472,1
38473,0
38486,0
38504,0
38532,0
38600,0
38601,1
38603,1
38609,0
38832,1
38835,1
38847,1
39120,0
39121,0
39122,0
39132,Not parsed
39159,0
39285,Not parsed
40337,1
40360,2
39417,0
39433,1
39443,0
39446,Not parsed
39480,1
39525,Not parsed
39579,0
39656,1
39673,Not parsed
39674,0
39692,Not parsed
39734,1
39764,1
39810,1
42551,0
39933,1
40017,1
40018,0
40023,1
40025,Not parsed
40148,1
40151,0
42550,0
40172,1
40203,Not parsed
40330,1
43857,1
40567,1
40578,1
40630,0
40634,Not parsed
40741,0
40903,1
40938,0
41076,1
41090,1
41265,Not parsed
41349,Not parsed
43421,Not parsed
43500,Not parsed
43979,Not parsed
44217,0
41887,0
41771,1
41772,1
41773,1
42087,Not parsed
41875,1
42548,0
41917,Not parsed
41971,0
42059,0
42076,1
42157,1
42160,0
42161,0
42163,0
42174,0
42181,0
42255,Not parsed
42265,1
42267,0
42325,1
42357,Not parsed
42549,0
42385,0
42424,0
42429,0
42455,Not parsed
42456,Not parsed
42460,0
42521,0
42536,1
42538,1
42539,1
42565,0
42567,Not parsed
42568,Not parsed
42586,0
42612,Not parsed
42624,Not parsed
42625,Not parsed
42665,Not parsed
42777,1
48796,1
48803,Not parsed
48815,Not parsed
48839,1
48840,1
48961,1
48962,1
42918,Not parsed
42921,Not parsed
42951,1
42963,0
42974,Not parsed
43033,1
43104,0
43156,0
43179,1
44168,Not parsed
44218,0
44224,0
44244,0
44246,Not parsed
44279,1
44330,1
44331,1
44337,0
44341,1
44363,0
44364,1
44365,1
44382,1
44422,2
44423,0
44426,Not parsed
44452,2
44455,0
44470,1
44472,0
44476,1
44477,1
44499,1
44516,0
44518,0
44549,0
44564,1
44565,0
45565,1
44649,0
44652,1
45159,1
44658,1
44680,0
46070,1
44713,0
44787,0
44828,0
44834,0
44838,Not parsed
44840,0
44841,0
44903,0
44904,Not parsed
44979,1
44989,0
45071,1
45085,0
45086,0
45089,1
45101,1
45120,0
45130,1
45142,1
45151,1
45165,0
45166,0
45176,0
45181,0
45235,0
45259,0
45288,1
45289,0
45325,0
45346,0
45349,0
45350,0
45352,0
45353,0
45355,0
45378,0
45395,0
45402,0
45403,0
45406,0
45412,0
45442,1
45467,1
45492,0
45505,0
45531,1
45598,1
45627,0
45660,1
45738,0
45796,1
45828,0
45832,1
45846,1
45888,1
45988,0
46005,0
46008,0
46009,0
46016,Not parsed
46018,1
46020,0
46021,1
46025,0
46056,0
46058,1
46059,0
46107,1
46120,0
46249,2
46255,0
46265,0
46267,1
46269,1
46279,0
46283,1
46288,0
46290,0
46301,0
46331,0
46334,0
46335,0
46345,1
46346,0
46361,2
46362,1
46441,0
46507,1
46530,0
46552,1
46561,0
46578,0
46584,0
46596,0
46625,0
46636,0
46657,0
46660,0
46665,0
46668,0
46670,0
46673,0
46685,1
46686,0
46690,Not parsed
46737,0
46755,0
46779,0
46805,0
46980,0
46854,0
46922,0
46962,0
46991,0
47012,0
47105,0
47116,1
47122,0
47126,0
47231,2
47321,Not parsed
47332,0
47333,0
47334,0
47357,Not parsed
47394,1
47411,0
47429,0
47444,0
47468,1
47476,0
47477,1
47502,1
47507,1
47551,0
47568,0
47574,Not parsed
47645,2
47687,0
47734,0
47751,1
47754,1
47759,Not parsed
47775,0
47788,0
47802,Not parsed
47810,0
47812,0
47825,0
47908,Not parsed
47910,1
47915,1
47938,0
47950,Not parsed
47965,1
48028,0
48039,1
48041,0
48046,0
48050,0
48054,0
48055,0
48056,0
48087,0
48148,Not parsed
48160,1
48211,0
48253,1
48257,0
48264,0
48277,0
48279,0
48281,0
48293,1
48299,Not parsed
48314,0
48317,0
48329,0
48339,1
48344,0
48346,0
49034,1
48350,Not parsed
48351,1
48364,1
48400,0
48415,0
48465,1
48469,0
48461,1
49577,1
48464,1
48505,0
48507,1
48510,Not parsed
48517,0
48563,0
48564,1
48570,0
48579,0
48594,0
48628,0
48678,0
48680,0
48685,0
48686,0
48687,1
48688,0
48689,0
48691,0
48695,1
48696,1
48726,Not parsed
48769,1
48776,1
49086,0
49088,0
49089,0
49100,0
49116,255
49134,0
49147,0
49322,0
49370,Not parsed
49409,1
49491,1
49521,Not parsed
49526,Not parsed
49653,Not parsed
49654,Not parsed
49655,Not parsed
49660,1
49892,Not parsed
49959,1
49966,0
49977,Not parsed
50130,0
50236,2
50289,Not parsed
50332,Not parsed
50336,0
50470,Not parsed
50471,0
50472,1
50591,0
50650,1
50696,1
50789,0
50790,0
50811,1
50911,0
50912,1
307,Not parsed
588,Not parsed
592,0
598,0
621,Not parsed
638,1
663,1
781,1
819,1
955,1
975,1
1378,0
1380,0
1502,0
1664,1
1787,Not parsed
1906,1
2074,Not parsed
2075,Not parsed
2140,Not parsed
2234,1
2258,1
2530,1
2809,1
3067,Not parsed
3072,255
3086,1
3211,1
3244,255
3391,1
3474,255
3491,0
3495,1
3531,255
3537,255
3540,255
3579,255
3604,Not parsed
3609,255
3616,255
3737,1
3925,0
3934,1
3954,0
4014,1
4027,0
4045,1
4152,1
4207,2
4266,Not parsed
4287,255
4315,1
4450,0
4542,Not parsed
4573,1
4657,1
4724,1
4862,1
4866,1
5212,0
5238,Not parsed
5248,0
5257,0
5259,0
5314,0
5315,0
5342,1
5451,0
5720,1
6045,0
6100,255
6123,1
6532,2
7132,1
8080,1
8142,1
8152,1
8248,1
8321,0
8338,1
8339,1
8340,1
8354,1
8359,0
8363,1
8421,1
8422,1
8554,1
8613,1
8614,1
8621,1
8666,Not parsed
8716,1
8732,0
8804,1
8916,1
8934,1
9031,1
9108,1
9128,1
9181,1
9224,0
9247,1
9318,0
9319,1
9330,0
9468,0
9586,1
9596,1
9613,1
9644,0
9663,1
9673,0
9690,Not parsed
9816,0
10056,0
10098,1
10099,0
10162,1
10235,1
10282,0
10394,0
10434,1
10542,0
10579,1
14257,Not parsed
10765,1
10791,1
10911,1
10973,1
11167,0
11203,1
11220,0
11272,0
11293,Not parsed
11328,1
11420,1
11453,2
11468,1
11500,Not parsed
11539,1
11720,0
11877,1
11886,1
11974,1
11986,1
12417,1
12512,1
12834,1
13735,0
13903,1
13932,1
14091,1
14180,1
14181,1
14182,1
14222,1
14248,1
14254,1
14272,1
14399,1
14400,1
14402,1
14496,1
14604,1
14623,1
14641,0
14853,1
14886,255
14895,255
14976,Not parsed
15042,0
15056,255
15231,1
15238,1
15337,0
15347,1
15689,0
15834,0
18245,1
15957,1
16078,1
16101,1
16105,Not parsed
16177,1
16238,Not parsed
16239,Not parsed
16243,Not parsed
16244,Not parsed
16245,Not parsed
16278,1
17034,0
17063,Not parsed
17068,1
17155,1
17243,1
17345,1
17339,1
17354,1
17361,1
17365,0
17373,1
17468,1
17507,1
17519,1
17527,0
17546,0
17550,0
17619,0
17645,1
17649,0
17670,1
17669,255
17819,0
17876,1
17884,0
17886,0
17969,2
18145,1
18189,Not parsed
18345,0
18354,0
18382,1
18397,0
18401,1
18437,0
18476,1
18534,1
18535,1
18542,Not parsed
18543,Not parsed
18695,1
18683,0
18818,0
18836,255
18893,1
19091,1
19092,1
19131,1
19266,1
19288,1
19407,1
19625,1
20009,Not parsed
20088,0
21268,0
21520,1
22093,0
22351,1
22466,1
22782,Not parsed
23243,1
23323,0
23328,Not parsed
23603,Not parsed
23735,0
24084,255
24223,Not parsed
24479,0
24526,1
24557,1
24943,0
24944,1
24958,1
24999,1
25181,Not parsed
25836,1
25970,1
25987,Not parsed
26318,Not parsed
26471,1
26493,0
26494,0
26495,1
40386,0
26739,0
27133,1
27277,1
27400,255
27401,1
27523,0
27554,1
27568,Not parsed
27703,0
27706,Not parsed
27805,Not parsed
28183,Not parsed
28198,Not parsed
28450,1
28766,Not parsed
29316,0
30018,Not parsed
29687,Not parsed
29689,Not parsed
29690,Not parsed
29691,Not parsed
29725,Not parsed
30373,1
30569,Not parsed
30816,Not parsed
30998,Not parsed
31033,1
31056,Not parsed
40358,1
31076,Not parsed
31254,1
31255,1
31260,0
31412,Not parsed
31474,Not parsed
31634,Not parsed
31689,2
31694,1
31736,1
31758,1
31788,1
31789,1
31814,0
31831,1
31853,2
31875,0
32132,1
32189,Not parsed
32301,Not parsed
32578,Not parsed
32586,Not parsed
32745,0
32764,0
32780,Not parsed
32832,Not parsed
32837,Not parsed
32997,1
32919,Not parsed
33352,1
33027,0
33645,Not parsed
33326,0
33453,0
33454,1
33538,1
33554,1
33610,0
33848,Not parsed
33929,1
34026,1
34050,Not parsed
34059,0
34066,1
34132,Not parsed
34160,0
34191,0
34399,Not parsed
34461,0
40339,Not parsed
34595,0
34685,Not parsed
34835,Not parsed
34836,Not parsed
34856,1
34860,1
34896,0
34900,0
34949,Not parsed
35055,1
35184,Not parsed
35188,Not parsed
35226,Not parsed
35427,1
35474,1
35513,1
35688,1
35703,Not parsed
35790,Not parsed
35924,0
35961,0
36075,Not parsed
36078,1
36111,Not parsed
36145,Not parsed
36337,1
36477,0
36516,1
36577,1
36587,Not parsed
36652,0
36803,0
36836,0
36839,2
36884,Not parsed
36932,1
36933,1
36955,1
36984,1
37066,1
37081,Not parsed
37097,0
37163,1
37165,0
37184,0
37405,Not parsed
37426,1
37729,1
37731,1
37746,1
37951,0
37788,Not parsed
37808,0
37834,Not parsed
37952,0
37985,1
38003,1
38013,1
38020,Not parsed
38058,Not parsed
38124,Not parsed
38151,0
38164,Not parsed
38226,1
38252,1
38340,1
38341,1
38394,Not parsed
38454,0
38526,0
38554,1
38591,Not parsed
38599,1
38667,Not parsed
38730,1
38731,Not parsed
38804,Not parsed
38810,Not parsed
38821,Not parsed
38826,Not parsed
38829,0
36025,0
39008,1
39009,1
39105,Not parsed
39104,Not parsed
39102,1
39115,Not parsed
39119,Not parsed
39155,Not parsed
39161,0
39175,Not parsed
39196,Not parsed
39215,1
39499,Not parsed
39568,0
39569,1
39585,1
39596,0
39599,Not parsed
39632,1
39755,0
39783,0
39823,0
39858,2
40441,0
40043,1
40113,Not parsed
40120,1
40125,0
40136,1
40138,Not parsed
40178,1
40232,0
40280,1
40234,1
40279,255
40235,1
40452,0
40455,0
40456,0
40457,0
40458,0
40459,0
40472,1
40491,0
40507,0
43588,1
43589,1
43609,1
43871,1
40619,0
40633,1
40651,Not parsed
40670,1
40674,1
40672,1
40673,1
40675,1
40677,1
40680,1
40681,1
40693,Not parsed
40704,1
40711,1
40712,1
40713,1
40714,1
40715,1
40778,0
40824,1
40830,0
40831,0
40833,0
40832,0
40834,0
40835,Not parsed
40854,0
40858,0
40862,1
40868,0
40869,0
40911,1
40920,2
40984,1
41003,1
41073,1
41162,2
41233,0
41236,0
41436,0
41479,1
41511,1
41545,1
43353,1
43360,2
43382,1
43383,0
43384,1
43385,1
43386,255
43387,0
43392,Not parsed
43408,1
43428,1
43450,1
43458,2
43478,1
43523,1
43902,2
43905,255
43920,255
43936,1
43983,2
43993,0
43997,2
44002,0
44004,2
44005,2
44027,Not parsed
41666,0
42261,0
42756,0
41987,1
41738,1
41775,0
41861,255
41872,0
42122,0
41894,0
41929,1
41978,1
42011,1
42030,1
42026,1
42031,1
42060,1
42152,0
42155,1
42158,1
42165,1
42176,Not parsed
42186,0
42222,1
42297,1
42304,1
42315,1
42328,1
42394,0
42395,1
42557,2
42558,2
42559,2
42560,2
42627,0
42726,1
42778,0
42780,1
49210,2
48816,Not parsed
48842,1
48958,0
48994,1
49057,Not parsed
42806,0
42928,Not parsed
42957,1
42952,1
42958,1
42973,0
43025,1
43059,1
43141,2
43145,2
42886,0
43195,1
43198,1
43202,0
43209,1
43226,1
43231,2
43236,1
44155,255
44156,1
44157,1
44187,1
44253,Not parsed
44283,0
44284,0
44290,1
44292,1
44297,1
44376,1
44398,1
44412,1
44446,0
44485,0
44522,0
44553,0
44554,0
44555,1
44556,0
44571,1
44577,2
44596,1
44616,1
44635,1
44784,Not parsed
44829,1
45001,1
45052,Not parsed
45332,1
45170,1
45210,1
45218,1
45220,1
45233,1
45260,0
45262,1
45425,1
45427,1
45638,1
45671,1
45712,1
45748,1
45905,Not parsed
45926,1
45939,1
45986,1
46034,2
46052,2
46053,2
46193,1
46218,0
46250,0
46307,1
46342,Not parsed
46469,2
46501,2
46516,1
46540,0
46543,1
46544,1
46547,Not parsed
46645,0
46675,2
46678,1
46682,1
46695,1
46697,0
46699,1
46700,1
46701,1
46719,1
46762,1
46763,1
46790,Not parsed
46792,0
46797,0
46808,1
46960,Not parsed
46961,1
47030,1
47031,1
47067,0
47076,1
47083,Not parsed
47130,Not parsed
47137,1
47155,Not parsed
47209,1
47243,2
47244,2
47354,1
47358,0
47408,1
47412,Not parsed
47442,0
47472,1
47500,0
47519,0
47554,1
47558,2
47559,2
47576,1
47625,0
47673,0
47683,1
47686,255
47750,Not parsed
47799,1
47837,1
47888,1
47956,1
47984,1
48053,Not parsed
48153,0
48170,2
48214,2
48233,1
48363,0
48389,1
48421,1
49584,1
49585,1
49587,1
48483,Not parsed
48537,1
48540,2
48569,Not parsed
48587,2
48651,1
48657,1
49067,0
49068,Not parsed
49071,Not parsed
49075,1
49106,Not parsed
49127,Not parsed
49216,1
49217,1
49418,1
49594,1
49599,1
49601,0
49613,1
49629,1
49663,0
49719,0
49757,2
49782,0
49815,1
49896,1
49908,1
49936,Not parsed
50039,Not parsed
50070,1
50133,1
50136,1
50216,0
50335,1
50347,1
50407,1
50539,1
50576,1
50590,Not parsed
50592,Not parsed
50618,2
50620,1
50629,1
50640,2
50720,1
50783,17
50821,1
50829,0
50832,1
50847,0
50848,0
50856,0
50873,1
50905,1
50892,2
50894,1
50904,2
50913,Not parsed
50932,0
50914,1
50930,1
50946,0
50948,2
50949,0
50960,0
50962,1
50964,2
50972,0
50973,0
50974,1
50983,Not parsed
50999,1
51005,0
51010,Not parsed
51011,2
928,255
1076,1
1317,0
1594,1
1755,0
2175,Not parsed
2343,Not parsed
2373,Not parsed
2397,1
2522,Not parsed
2533,Not parsed
2605,Not parsed
2606,Not parsed
2681,Not parsed
2751,Not parsed
2818,Not parsed
2884,Not parsed
2896,Not parsed
2905,Not parsed
2984,Not parsed
3095,255
3614,Not parsed
3670,Not parsed
3681,Not parsed
3685,Not parsed
3686,Not parsed
3778,Not parsed
3955,0
4030,Not parsed
4169,Not parsed
4239,Not parsed
4341,Not parsed
4643,0
4661,0
4768,0
4809,Not parsed
4824,0
4835,0
4907,1
4957,1
5042,Not parsed
5088,0
5130,Not parsed
5204,0
5292,0
5298,1
5305,1
5333,Not parsed
5470,0
5482,0
5562,0
5640,Not parsed
5677,0
5758,Not parsed
5826,0
5865,Not parsed
5996,Not parsed
6369,0
6416,Not parsed
6419,Not parsed
6432,0
6523,Not parsed
6670,Not parsed
6790,1
7114,Not parsed
7381,Not parsed
7476,Not parsed
7544,Not parsed
7844,0
7864,0
7901,0
7972,1
8038,0
8357,0
8719,1
8743,Not parsed
8852,Not parsed
8923,Not parsed
8980,1
9005,1
9017,Not parsed
9020,0
9040,Not parsed
9062,Not parsed
9132,Not parsed
9156,0
9445,0
9448,0
9726,0
9890,Not parsed
10012,0
33428,1
11441,Not parsed
11824,Not parsed
11862,Not parsed
11875,Not parsed
11898,Not parsed
11912,Not parsed
12158,Not parsed
12433,1
12434,1
12523,Not parsed
12667,Not parsed
12723,1
12796,1
50126,1
49443,1
49445,1
49434,1
13807,0
14471,Not parsed
14827,0
14849,0
14854,Not parsed
14890,0
14894,0
14932,1
14935,1
15041,1
15110,Not parsed
15152,0
15199,1
15183,1
15219,1
15310,0
15320,0
15512,0
15568,1
15915,1
15893,1
15964,1
15987,2
15997,1
16011,Not parsed
16152,Not parsed
16157,1
16171,1
16200,Not parsed
16201,Not parsed
16220,Not parsed
16246,1
16280,1
16935,Not parsed
16961,0
16980,0
17003,0
17112,Not parsed
17132,1
17165,1
17239,Not parsed
17276,Not parsed
17296,Not parsed
17325,1
43191,2
17378,0
17389,Not parsed
17510,Not parsed
17556,Not parsed
17927,Not parsed
18013,1
18214,0
18266,1
18932,1
18650,1
19029,Not parsed
19154,Not parsed
19174,0
20033,Not parsed
20038,1
20062,255
20064,0
20087,1
20123,1
20348,1
20349,1
20350,1
20351,1
20352,1
20353,1
20356,Not parsed
20357,Not parsed
20358,Not parsed
20359,Not parsed
20360,1
20361,1
20362,Not parsed
20363,1
20364,Not parsed
20365,1
20366,Not parsed
20367,1
20368,1
20393,Not parsed
20549,1
20578,1
20579,1
20627,1
20668,1
20669,1
20672,1
20675,1
20707,0
20790,1
20959,1
21417,2
21546,1
21646,1
40361,1
22070,1
22092,0
22606,Not parsed
22656,2
23132,0
23362,1
23831,0
24320,0
24442,Not parsed
24916,Not parsed
24959,Not parsed
25138,Not parsed
25139,Not parsed
25180,Not parsed
25304,1
25305,1
25606,1
25715,1
25716,1
33425,0
25810,0
25811,Not parsed
25915,1
40300,1
26410,2
26453,1
26521,Not parsed
27187,2
27402,Not parsed
27521,Not parsed
27750,1
27753,Not parsed
27774,0
27988,Not parsed
28175,Not parsed
28807,1
28960,2
28971,2
29331,0
29516,Not parsed
29522,Not parsed
29921,1
30059,1
30062,1
31088,0
40357,0
31435,2
40353,1
31681,Not parsed
31686,0
31738,1
31749,Not parsed
31874,2
32250,Not parsed
32546,2
32662,Not parsed
32986,Not parsed
32999,1
33070,0
40081,1
40346,2
33247,Not parsed
40752,Not parsed
33654,1
33655,1
33743,1
33867,0
33894,Not parsed
34052,Not parsed
40716,1
34073,Not parsed
34113,Not parsed
34128,0
34168,0
34205,0
34206,Not parsed
34256,Not parsed
34298,Not parsed
34299,Not parsed
34300,Not parsed
34447,2
34450,0
34451,0
34452,0
34538,Not parsed
34571,1
34625,1
34641,Not parsed
34666,0
34681,1
34753,1
34754,1
34755,1
34839,1
34929,Not parsed
34958,0
34970,0
34984,1
34992,1
35041,1
35057,1
35076,1
35102,1
35220,1
35246,1
35307,Not parsed
35333,Not parsed
35341,1
35365,1
35410,Not parsed
35424,0
35533,1
35543,1
35650,Not parsed
35710,0
35719,Not parsed
35726,Not parsed
35770,2
35846,Not parsed
35879,2
35915,Not parsed
50313,Not parsed
36202,1
36231,0
36490,1
36575,1
36925,1
37054,0
37110,2
37114,Not parsed
37116,1
37185,0
37302,Not parsed
37258,0
37354,Not parsed
37331,Not parsed
37440,Not parsed
37424,0
37425,0
37504,0
37570,Not parsed
37582,Not parsed
37720,Not parsed
37757,0
37770,Not parsed
37811,0
38067,Not parsed
37977,Not parsed
38078,Not parsed
38256,0
38304,1
38366,Not parsed
38383,Not parsed
38514,1
38551,1
38664,1
38896,0
38977,1
39033,2
39231,1
39234,1
39236,0
39241,1
39356,Not parsed
39387,1
39405,0
39421,1
39422,0
39489,Not parsed
39495,Not parsed
39501,Not parsed
39521,Not parsed
39646,1
39691,1
39716,0
39739,0
39745,Not parsed
39848,1
39937,1
39957,1
40332,1
40030,0
40055,1
40114,Not parsed
40115,Not parsed
40156,1
40157,1
40160,1
40185,2
40209,0
40225,2
40228,0
40462,1
40500,1
43900,1
43593,Not parsed
43777,1
43873,0
43874,0
40566,1
40576,1
40614,0
40698,1
40756,0
40826,0
40895,Not parsed
40901,Not parsed
40942,Not parsed
40961,1
40969,1
40974,1
40986,2
41156,1
41157,1
41200,1
41205,Not parsed
41223,1
41394,0
41459,0
41466,Not parsed
41540,1
41570,0
42392,0
43363,0
43378,Not parsed
43404,1
43414,1
43847,2
43447,Not parsed
43460,1
43495,1
43496,2
43560,1
41622,1
41628,1
43928,1
43934,2
43960,1
43967,Not parsed
44101,Not parsed
41662,Not parsed
42058,0
42547,Not parsed
42544,0
41774,1
42085,1
41928,1
41940,1
41943,1
41950,1
41958,0
41960,0
41961,0
41976,Not parsed
42093,0
42101,0
42114,0
42149,1
42150,Not parsed
42153,1
42154,1
42178,1
42187,0
42221,2
42268,Not parsed
42284,0
42324,0
42434,1
42436,0
42452,1
42638,1
42729,1
42730,1
42732,0
42736,1
42737,1
42738,1
42745,2
48793,0
48799,1
48800,1
48804,1
48813,255
48817,Not parsed
48818,1
48823,Not parsed
48824,0
48825,1
48827,0
48830,255
48835,2
48838,1
48862,1
48868,1
48874,0
48878,1
48887,255
48888,Not parsed
48906,Not parsed
48908,1
48912,1
48915,255
48917,Not parsed
48927,0
48929,0
48942,1
48943,0
48944,Not parsed
48946,0
48952,0
48955,2
48957,2
48959,0
48971,0
48975,2
48977,1
48978,0
48979,255
48980,0
48981,0
48985,1
48988,1
48989,1
48995,1
48996,1
48997,1
48998,1
49001,1
49025,0
49031,1
42884,Not parsed
42916,Not parsed
42922,1
42954,0
42959,2
42966,0
43002,1
43003,1
43004,1
43005,1
43021,Not parsed
43022,Not parsed
43028,0
43056,Not parsed
43065,Not parsed
43103,1
43113,Not parsed
43114,Not parsed
43190,1
43214,1
43343,Not parsed
44194,2
44252,0
44278,1
44317,1
44324,1
44328,0
44343,Not parsed
49291,0
44350,1
44374,1
44390,1
44448,1
44488,1
44498,2
44513,1
44515,1
44545,Not parsed
44548,0
44560,2
44637,0
44668,Not parsed
44755,Not parsed
44837,1
44843,1
44855,1
44864,0
44872,1
44951,Not parsed
44912,2
44913,2
44956,1
44959,1
44973,1
44975,Not parsed
44976,1
44996,1
44998,2
45002,Not parsed
45161,2
45046,1
45047,Not parsed
45055,1
45076,1
45078,1
45341,2
45105,2
45109,1
45131,1
45136,0
45212,2
45267,1
45270,Not parsed
45286,1
45351,1
45361,0
45384,1
45394,0
45440,1
45448,Not parsed
46487,0
45506,2
45533,Not parsed
45534,1
45539,0
45542,2
45586,1
45590,1
45595,1
45602,0
45673,0
45758,1
45774,2
45780,1
45793,1
45852,Not parsed
45918,1
45927,Not parsed
45929,1
45933,0
45942,1
45948,Not parsed
45957,Not parsed
45991,1
46041,0
46065,1
46086,2
46092,1
46094,255
46109,0
46136,0
46147,1
46153,Not parsed
46171,2
46182,Not parsed
46221,2
46238,0
46262,1
40053,1
46348,Not parsed
46386,1
46389,1
46400,1
46401,0
46404,1
46453,255
46459,1
46481,0
46494,0
46528,1
46542,Not parsed
46546,0
46585,1
46615,2
46634,0
46635,0
46638,0
46658,0
46659,1
46684,1
46710,2
46773,2
46780,1
46794,1
46869,0
46886,2
46958,1
46967,Not parsed
46985,Not parsed
46992,0
47010,2
47011,Not parsed
47013,0
47014,2
47027,2
47035,Not parsed
47044,0
47062,Not parsed
47066,0
47069,0
47110,1
47112,2
47138,1
47154,Not parsed
47179,2
47188,2
47234,1
47235,1
47255,1
47280,1
47288,0
47305,1
47308,255
47364,1
47379,0
47380,1
47413,Not parsed
47426,0
47438,1
47447,1
47448,1
47457,1
47459,1
47465,2
47483,1
47497,0
47612,0
47520,Not parsed
47524,Not parsed
47544,0
47555,0
47572,0
47598,0
47600,Not parsed
47619,0
47621,1
47622,0
47627,0
47641,0
47644,0
47649,0
47652,1
47654,255
47720,Not parsed
47722,2
47748,0
47760,0
47761,1
47782,1
47783,2
47819,0
47832,2
47834,0
47836,Not parsed
47881,2
47884,1
47887,2
47895,1
47898,0
47899,1
47902,2
47903,1
47939,0
47941,Not parsed
47954,1
47951,Not parsed
47976,0
47982,0
47990,1
47991,2
47996,0
48001,1
48002,1
48018,1
48019,1
48020,1
48025,2
48027,Not parsed
48064,0
48077,0
48090,1
48094,1
48098,255
48128,Not parsed
48143,2
48144,0
48145,0
48146,1
48149,2
48155,1
48176,1
48198,1
48201,1
48207,0
48208,0
48209,1
48210,Not parsed
48219,2
48220,2
48221,2
48241,0
48247,Not parsed
48256,0
48260,Not parsed
48261,0
48266,1
48270,Not parsed
48271,Not parsed
48280,Not parsed
48296,0
48303,0
48308,255
48311,1
48320,Not parsed
48358,1
48360,1
48380,1
48385,2
48393,0
48416,1
48431,1
48432,255
48433,Not parsed
48439,255
48442,0
48443,0
48449,255
48454,0
48462,2
48468,255
48472,1
48477,1
48492,0
48500,Not parsed
48506,255
48515,1
48519,1
48520,1
48531,255
48533,Not parsed
48534,1
48535,1
48536,2
48541,1
48545,1
48549,2
48557,Not parsed
48560,1
48568,2
48580,1
48588,2
48590,Not parsed
48608,1
48630,255
48633,1
48634,Not parsed
48646,1
48853,1
48856,Not parsed
48681,Not parsed
48683,0
48692,1
48701,1
48702,255
48704,0
48711,0
48713,1
48720,0
48727,2
48730,255
48743,2
48744,0
48747,Not parsed
50152,1
48763,12
48765,Not parsed
48768,2
48774,21
48779,2
48784,2
49074,2
49076,Not parsed
49079,Not parsed
49080,1
49081,1
49104,Not parsed
49110,0
49112,0
49113,Not parsed
49117,255
49124,Not parsed
49125,0
49126,0
49130,Not parsed
49132,Not parsed
49133,1
49183,255
49154,1
49155,0
49240,Not parsed
49246,Not parsed
49247,0
49256,0
49257,1
49260,1
49262,1
49561,2
49266,1
49269,Not parsed
49270,1
49726,2
49321,2
49332,1
49334,2
49340,1
49344,1
49348,9
49359,0
49360,2
49361,2
49362,2
49365,1
49366,0
49383,1
49385,1
49397,2
49412,1
49415,Not parsed
49422,0
49424,1
49436,0
49461,1
49462,1
49463,0
49464,Not parsed
49465,2
49479,1
49488,2
49494,0
49495,2
49499,1
49510,0
49511,2
49512,1
49520,Not parsed
49524,2
49525,1
49571,2
49552,1
49556,1
49557,2
49573,0
49602,1
49603,255
49604,255
49606,0
49620,2
49625,255
49633,0
49637,0
49640,0
49650,0
49652,255
49672,255
49705,1
49711,2
49725,Not parsed
49734,0
49735,0
49738,0
49742,1
49743,1
49750,0
49755,1
49769,Not parsed
49772,1
49774,2
49802,1
49781,Not parsed
49783,1
49784,2
49790,1
49791,1
49794,1
49798,2
49799,Not parsed
49803,0
49804,Not parsed
49810,2
49813,1
49816,2
49818,Not parsed
49823,1
49840,Not parsed
49847,255
49856,2
49862,0
49867,1
49869,1
49876,0
49879,2
49885,1
49891,Not parsed
49902,1
49907,1
49909,1
49910,1
49911,2
49913,1
49914,1
49918,2
49924,0
49926,1
49927,2
49928,1
49933,1
50062,2
49944,2
49949,1
49951,2
49955,2
49960,2
49961,1
49967,0
49973,1
49982,2
49983,1
49989,1
49992,2
49998,1
50017,1
50027,2
50029,1
50037,1
50042,2
50046,1
50049,1
50054,0
50056,2
50057,1
50058,1
50108,2
50107,1
50069,0
50071,2
50072,1
50077,1
50082,1
50084,1
50088,0
50093,1
50094,1
50095,2
50096,17
50099,0
50100,1
50101,Not parsed
50102,Not parsed
50110,1
50111,0
50114,0
50115,1
50116,0
50123,1
50128,0
50129,2
50131,1
50132,1
50144,1
50149,2
50151,1
50154,Not parsed
50156,0
50159,2
50166,1
50173,0
50175,Not parsed
50180,2
50181,1
50183,1
50185,2
50194,1
50205,255
50214,1
50221,1
50224,0
50226,Not parsed
50227,1
50228,0
50230,2
50233,2
50234,2
50237,1
50238,0
50239,0
50241,2
50243,0
50244,1
50262,1
50264,2
50441,2
50265,2
50269,0
50287,1
50288,1
50292,0
50298,2
50296,2
50297,2
50299,2
50300,2
50305,1
50306,1
50308,1
50310,2
50315,2
50316,2
50318,1
50319,1
50321,1
50342,0
50348,0
50356,2
50364,0
50367,Not parsed
50373,Not parsed
50378,1
50379,1
50382,1
50394,Not parsed
50405,0
50420,0
50429,255
50439,Not parsed
50440,1
50457,0
50477,0
50493,1
50505,2
50512,0
50513,Not parsed
50521,1
50526,2
50533,1
50547,0
50556,2
50571,2
50572,2
50573,1
50580,1
50581,2
50589,2
50594,0
50609,1
50610,2
50611,Not parsed
50619,1
50621,1
50622,1
50623,2
50624,2
50635,2
50636,Not parsed
50684,0
50686,1
50687,1
50695,1
50698,1
50702,1
50707,2
50721,0
50733,1
50741,1
50753,1
50754,2
50766,1
50772,1
50784,2
50794,1
50795,1
50799,1
50801,0
50802,0
50803,1
50809,2
50816,255
50825,Not parsed
50826,1
50840,Not parsed
50850,1
50882,1
50893,1
50898,2
50915,2
50921,2
50923,Not parsed
50924,2
50943,1
50944,0
50952,1
50961,0
50963,2
50970,2
50978,0
50979,2
50984,0
50995,1
50997,2
50998,2
51001,1
51017,0
