,language
ascii,45.933417614833544
html,13.879832324173266
py,9.321977510147049
c,7.101825359859827
unicode,5.995076186040322
pl,5.910794685829619
rb,5.460554039967175
php,2.6326879144764566
sh,0.9692372524230931
cpp,0.5877525672588552
sgml,0.42362543526958996
js,0.3149466586821035
md,0.23953689533568434
pgp,0.1685630004214075
java,0.15747332934105174
pm,0.146383658260696
data\n',0.09315323707498836
assembler,0.073191829130348
xml,0.05544835540177878
cs,0.05544835540177878
svg,0.037704881673209574
asp,0.03548694745713842
sql,0.03105107902499612
diff,0.03105107902499612
asm,0.02883314480892497
ps1,0.026615210592853815
cannot,0.02217934216071151
bat,0.019961407944640363
go,0.01552553951249806
news,0.011089671080355756
vbs,0.008871736864284606
nasl,0.008871736864284606
vb,0.008871736864284606
m,0.008871736864284606
ics,0.006653802648213454
cc,0.006653802648213454
troff,0.006653802648213454
appleworks,0.006653802648213454
latex,0.006653802648213454
json,0.006653802648213454
a,0.004435868432142303
algol,0.004435868432142303
tcsh,0.004435868432142303
patch,0.004435868432142303
pdf,0.004435868432142303
nse,0.004435868432142303
s,0.004435868432142303
casl,0.004435868432142303
as,0.004435868432142303
jsp,0.004435868432142303
hit,0.004435868432142303
git,0.004435868432142303
asc,0.0022179342160711514
eml,0.0022179342160711514
zip,0.0022179342160711514
scn,0.0022179342160711514
pph,0.0022179342160711514
f,0.0022179342160711514
msf,0.0022179342160711514
tt,0.0022179342160711514
saved,0.0022179342160711514
ppmn,0.0022179342160711514
mrc,0.0022179342160711514
tex,0.0022179342160711514
os/2,0.0022179342160711514
sjs,0.0022179342160711514
boa,0.0022179342160711514
very,0.0022179342160711514
jar,0.0022179342160711514
cob,0.0022179342160711514
sony,0.0022179342160711514
ms,0.0022179342160711514
delphi,0.0022179342160711514
sys,0.0022179342160711514
url,0.0022179342160711514
uuencoded,0.0022179342160711514
mid,0.0022179342160711514
xhtml,0.0022179342160711514
cfm,0.0022179342160711514
xsl,0.0022179342160711514
cfg,0.0022179342160711514
vmx,0.0022179342160711514
c++,0.0022179342160711514
dpr,0.0022179342160711514
smpl,0.0022179342160711514
vcf,0.0022179342160711514
sas,0.0022179342160711514
ksh,0.0022179342160711514
wsf,0.0022179342160711514
pas,0.0022179342160711514
perl,0.0022179342160711514
g,0.0022179342160711514
tzt,0.0022179342160711514
