,ext
txt,63.87952448545068
py,8.87375798438609
c,6.564939673527324
pl,5.910663591199432
rb,5.373935415188077
html,4.116394606103619
php,2.5394783534421577
sh,0.9692157558552165
cpp,0.5145493257629524
js,0.3149396735273243
md,0.23953158268275374
pm,0.1463804116394606
java,0.1308552164655784
cs,0.05544712562100781
xml,0.053229240596167494
asp,0.035486160397444996
sql,0.031050390347764373
asm,0.02883250532292406
ps1,0.026614620298083747
bat,0.01996096522356281
go,0.015525195173882187
nasl,0.008871540099361249
m,0.008871540099361249
vbs,0.008871540099361249
vb,0.008871540099361249
svg,0.008871540099361249
cc,0.006653655074520937
ics,0.006653655074520937
casl,0.0044357700496806245
patch,0.0044357700496806245
jsp,0.0044357700496806245
as,0.0044357700496806245
nse,0.0044357700496806245
tcsh,0.0044357700496806245
s,0.0044357700496806245
eml,0.0022178850248403123
diff,0.0022178850248403123
mrc,0.0022178850248403123
jar,0.0022178850248403123
zip,0.0022178850248403123
xsl,0.0022178850248403123
asc,0.0022178850248403123
scn,0.0022178850248403123
f,0.0022178850248403123
msf,0.0022178850248403123
tt,0.0022178850248403123
pph,0.0022178850248403123
sjs,0.0022178850248403123
c++,0.0022178850248403123
g,0.0022178850248403123
pdf,0.0022178850248403123
xhtml,0.0022178850248403123
cfm,0.0022178850248403123
vmx,0.0022178850248403123
dpr,0.0022178850248403123
smpl,0.0022178850248403123
vcf,0.0022178850248403123
cob,0.0022178850248403123
mid,0.0022178850248403123
cfg,0.0022178850248403123
url,0.0022178850248403123
sys,0.0022178850248403123
ksh,0.0022178850248403123
delphi,0.0022178850248403123
wsf,0.0022178850248403123
pas,0.0022178850248403123
tzt,0.0022178850248403123
